{"spd":0,"spdA":0,"spdR":0,"spdM":0,"spdC":0,"spd1":20,"spd2":30,"spd3":40,"spd1E":0,"spd2E":0,"spdT":45,"spdS":1,"hapS":0,"haSv":"spd1","hapA":0,"hapT":0,"hapB":0,"volt":0,"amp":0,"ampC":0,"ampL":-6,"ampH":18,"ampS":1,"bat":0,"batC":3,"batH":75,"batM":50,"batL":25,"tmp":0,"tmpC":0,"tmpH":60,"trpU":0,"trpL":0,"trpT":0,"trpR":0,"trpC":0,"lock":0,"aOff":0,"aLck":0,"pLck":0,"far":83,"near":65,"tiltSet":0,"horn":0,"time":0,"emu":0,"pass":"","passSend":0,"mode":2,"aLight":0,"light":0,"strb":0,"maker":"","model":"","mac":""}
