[
	{ "id": "init",
		"name": "P8 core",
		"icon": "icon.png",
		"version":"0.20",
		"description": "P8 Screen driver and init functions. For use with the [flash enabled](https://github.com/fanoush/ds-d6/blob/master/espruino/DFU/P8/espruino_2v07.60_p8_SDK11_SD20_SPIFLASH.zip) or the  the [not flash enabled](https://github.com/fanoush/ds-d6/blob/master/espruino/DFU/P8/espruino_2v07.60_p8_SDK11_SD20.zip) Espruino image  build by fanoush. ",
		"tags": "core",
		"type":"core",
		"readme": "README.md",
		"storage": [
			{"name":".bootrst","url":"init.js"}
		]
	},
	{ "id": "handler",
		"name": "Handler",
		"icon": "icon.png",
		"version":"0.26",
		"description": "P8 functions handler",
		"tags": "core",
		"custom": "custom.html",
		"type":"core",
		"readme": "README.md",
		"storage": [
			{"name":"handler","url":"handler.js"}
		]
	},  
	{ "id": "main",
		"name": "Clock",
		"icon": "icon.png",
		"version":"0.24",
		"description": "Main Clock/notifications face",
		"tags": "apps",
		"type":"main",
		"storage": [
			{"name":"main","url":"main.js"}
		]
	},  
	{ "id": "settings",
		"name": "Settings",
		"icon": "icon.png",
		"version":"0.21",
		"description": "global Settings face",
		"tags": "apps",
		"type":"main",
		"readme": "README.md",
		"storage": [
			{"name":"settings","url":"settings.js"}
		]
	},
	{ "id": "alarm",
		"name": "Alarms",
		"icon": "icon.png",
		"version":"0.20",
		"description": "Three user settable Alarms/Timers face",
		"tags": "apps",
		"readme": "README.md",
		"storage": [
			{"name":"alarm","url":"alarm.js"}
		]
	},
	{ "id": "calc",
		"name": "Calculator",
		"icon": "icon.png",
		"version":"0.20",
		"description": "Simple Calculator face with history",
		"tags": "apps",
		"storage": [
			{"name":"calc","url":"calc.js"}
		]
	},
	{ "id": "notify",
		"name": "Notifications",
		"icon": "icon.png",
		"version":"0.20",
		"description": "Notifications face for system, atc and gadgetbridge",
		"tags": "apps",
		"type": "notify",
		"storage": [
			{"name":"notify","url":"notify.js"}
		]
	},
	{ "id": "m_gb",
		"name": "Gadgetbridge",
		"icon": "icon.png",
		"version":"0.20",
		"description": "Gadgetbridge support for notifications, calls, weather and gps navigation",
		"tags": "system",
		"type": "notify",
		"readme": "README.md",
		"storage": [
			{"name":"m_gb","url":"m_gb.js"}
		]
	},
	{ "id": "dash",
		"name": "EUC Dashboard",
		"icon": "icon.png",
		"version":"0.33",
		"description": "EUC dashboard. Garage, scan and dash faces. Depends on EUC modules.",
		"tags": "euc",
		"storage": [
			{"name":"dash_simple","url":"dash_simple.js"},
			{"name":"dash_digital","url":"dash_digital.js"},
			{"name":"dashGarage","url":"dashGarage.js"},
			{"name":"dashAlerts","url":"dashAlerts.js"},
			{"name":"dashScan","url":"dashScan.js"},
			{"name":"dashOff","url":"dashOff.js"}

		]
	}, 
	{ "id": "dashKingsong",
		"name": "Kingsong Settings",
		"icon": "icon.png",
		"version":"0.20",
		"description": "EUC dashboard, Kingsong settings gui files.",
		"tags": "euc",
		"storage": [
			{"name":"dashKingsong","url":"dashKingsong.js"},
			{"name":"dashKingsongOpt","url":"dashKingsongOpt.js"},
			{"name":"dashKingsongAdv","url":"dashKingsongAdv.js"},
			{"name":"dashKingsongAdvCalibrate","url":"dashKingsongAdvCalibrate.js"},
			{"name":"dashKingsongAdvLimits","url":"dashKingsongAdvLimits.js"},
			{"name":"dashKingsongAdvPass","url":"dashKingsongAdvPass.js"}
		]
	}, 
	{ "id": "dashNinebot",
		"name": "Ninebot Settings",
		"icon": "icon.png",
		"version":"0.21",
		"description": "EUC dashboard, Ninebot settings gui files.",
		"tags": "euc",
		"storage": [
			{"name":"dashNinebot","url":"dashNinebot.js"}
    ]
	}, 
	{ "id": "dashNinebotZ",
		"name": "NinebotZ Settings",
		"icon": "icon.png",
		"version":"0.21",
		"description": "EUC dashboard, NinebotZ settings gui files.",
		"tags": "euc",
		"storage": [
			{"name":"dashNinebotZ","url":"dashNinebotZ.js"}
    ]
	}, 
	{ "id": "dashNinebotS",
		"name": "NinebotS Settings",
		"icon": "icon.png",
		"version":"0.30",
		"description": "EUC dashboard, NinebotS settings gui files.",
		"tags": "euc",
		"storage": [
			{"name":"dashNinebotS","url":"dashNinebotS.js"}
    ]
	}, 
	{ "id": "dashInmotion",
		"name": "Inmotion V11 Settings",
		"icon": "icon.png",
		"version":"0.30",
		"description": "EUC dashboard, Inmotion V11 settings gui files.",
		"tags": "euc",
		"storage": [
			{"name":"dashInmotion","url":"dashInmotion.js"}
    ]
	}, 
	{ "id": "dashVeteran",
		"name": "Veteran Settings",
		"icon": "icon.png",
		"version":"0.20",
		"description": "EUC dashboard, Veteran settings gui files.",
		"tags": "euc",
		"storage": [
			{"name":"dashVeteran","url":"dashVeteran.js"}
		]
	}, 
	{ "id": "dashBegode",
		"name": "Begode Settings",
		"icon": "icon.png",
		"version":"0.31",
		"description": "EUC dashboard, Begode settings gui files.",
		"tags": "euc",
		"storage": [
			{"name":"dashBegode","url":"dashBegode.js"},
			{"name":"dashBegodeAdv","url":"dashBegodeAdv.js"},
			{"name":"dashBegodeLimits","url":"dashBegodeLimits.js"},
			{"name":"dashBegodeCalibrate","url":"dashBegodeCalibrate.js"}
		]
	},
	{ "id": "euc",
		"name": "EUC modules support",
		"icon": "icon.png",
		"version":"0.32",
		"description": "EUC module switcher, depends on wheel module.",
		"tags": "euc",
		"type": "euc",
		"storage": [
			{"name":"euc","url":"euc.js"},
			{"name":"eucSlot.json","url":"eucSlot.json"}
		]
		},
	{ "id": "eucKingsong",
		"name": "Kingsong module",
		"icon": "icon.png",
		"version":"0.33",
		"description": "EUC module for Kingsong.",
		"tags": "euc",
		"type": "euc",
		"storage": [
			{"name":"eucKingsong","url":"eucKingsong.js"},
			{"name":"eucEmu","url":"eucEmuKs.js"}
		]
		},
	{ "id": "eucNinebot",
		"name": "Ninebot module",
		"icon": "icon.png",
		"version":"0.22",
		"description": "EUC module for Ninebot C/E/P.",
		"tags": "euc",
		"type": "euc",
		"storage": [
			{"name":"eucNinebot","url":"eucNinebot.js"}
		]
		},
	{ "id": "eucNinebotZ",
		"name": "NinebotZ module",
		"icon": "icon.png",
		"version":"0.21",
		"description": "EUC module for Ninebot Z6/Z10",
		"tags": "euc",
		"type": "euc",
		"storage": [
			{"name":"eucNinebotZ","url":"eucNinebotZ.js"}
		]
		},
	{ "id": "eucNinebotS",
		"name": "Ninebot S2/A1 module",
		"icon": "icon.png",
		"version":"0.30",
		"description": "EUC module for Ninebot S2/A1",
		"tags": "euc",
		"type": "euc",
		"storage": [
			{"name":"eucNinebotS","url":"eucNinebotS.js"}
		]
		},
	{ "id": "eucInmotion",
		"name": "Inmotion V11 module",
		"icon": "icon.jpg",
		"version":"0.34",
		"description": "EUC module for Inmotion V11.",
		"tags": "euc",
		"type": "euc",
		"storage": [
			{"name":"eucInmotion","url":"eucInmotion.js"}
		]
	},
   { "id": "eucVeteran",
		"name": "Veteran module",
		"icon": "icon.png",
		"version":"0.21",
		"description": "EUC module for Veteran Sherman",
		"tags": "euc",
		"type": "euc",
		"storage": [
			{"name":"eucVeteran","url":"eucVeteran.js"}
		]
	},
   { "id": "eucBegode",
		"name": "Begode module",
		"icon": "icon.png",
		"version":"0.32",
		"description": "EUC module for Begode (Gotway)",
		"tags": "euc",
		"type": "euc",
		"storage": [
			{"name":"eucBegode","url":"eucBegode.js"}
		]
	},
	{ "id": "repellent",
		"name": "Repellent",
		"icon": "icon.png",
		"version":"0.30",
		"description": "Xiaomi insect repellent face",
		"tags": "apps",
		"storage": [
			{"name":"repellent","url":"repellent.js"}
		]
	},
	{ "id": "atc",
		"name": "D6 Notification",
		"icon": "icon.png",
		"version":"0.20",
		"description": "Support for playstore app D6 Notification from atc1441",
		"tags": "system",
		"storage": [
			{"name":"atc","url":"D6Notification.js"}
		]
	},
	{ "id": "hid",
		"name": "Music controls",
		"icon": "icon.png",
		"version":"0.20",
		"description": "Music controls over BLEHID face",
		"tags": "apps",
		"storage": [
			{"name":"hid","url":"hid.js"}
		]
	},
	{ "id": "w_apps",
		"name": "App Loader widget",
		"icon": "icon.png",
		"version":"0.20",
		"description": "Extends settings face with an app drawer.",
		"tags": "system",
		"type": "system",
		"storage": [
			{"name":"w_apps","url":"w_apps.js"}
		]
	},
	{ "id": "w_scan",
		"name": "BLE scanner widget",
		"icon": "icon.png",
		"version":"0.30",
		"description": "Shared scan face addon",
		"tags": "system",
		"type": "system",
		"storage": [
			{"name":"w_scan","url":"w_scan.js"}
		]
	},
	{ "id": "Font7x11Numeric7Seg",
		"name": "Fonts-Font7x11Numeric7Seg",
		"icon": "icon.png",
		"version":"0.20",
		"description": "Font7x11Numeric7Seg font",
		"tags": "core",
		"type": "core",
			"storage": [
		{"name":"Font7x11Numeric7Seg","url":"Font7x11Numeric7Seg.js"}
		]
	},
	{ "id": "life",
		"name": "Life",
		"icon": "icon.png",
		"version":"0.20",
		"description": "Conway's Game of Life cellular automata (MightyWither port)",
		"tags": "apps",
		"readme": "README.md",
		"storage": [
			{"name":"life","url":"life.js"}
		]
	},
	{ "id": "example_app",
		"name": "Hello example",
		"icon": "icon.png",
		"version":"0.20",
		"description": "A face/app with just the minimum, to be used as a starting point. ",
		"tags": "apps",
		"readme": "README.md",
		"storage": [
			{"name":"hello","url":"hello.js"}
		]
	}
]
